trial,target,target_number,goal_x,goal_y,success,end_reason,t_shown,t_enter,t_end,trial_duration,reaction_time,movement_time,reach_time,path_length,straight_distance,normalized_path_length,max_deviation,dimensionless_jerk,log_dimensionless_jerk,n_speed_peaks,mean_speed,peak_speed,hit,time_in_target,on_target_at_end,initial_error,final_error,end_error,min_error,relative_final_error,chosen_target,chosen_correct,hand_lost
1,2,1,1062.0,176.0,True,completed,0.0,,4.0,4.0,0.8286352157592773,3.1693382263183594,,832.2220401720217,731.5838718473533,1.1375620379253888,189.2527164836568,2580.9858323651456,-7.855926710499808,7,274.1278044234556,1101.9452543873776,0.0,0.0,0.0,687.0893102682187,191.07521217582627,187.40912449490727,176.0035133473169,0.2780937053164695,2,100.0,0.0
2,1,2,201.0,201.0,True,completed,4.0,,8.0,4.0,0.027066946029663086,3.9638404846191406,,1306.3214858195606,1186.9502905519025,1.1005696668325962,436.2179476079457,4050.3484735281736,-8.306558199245574,6,340.46692411312796,1409.2920370863976,0.0,0.0,0.0,955.686385190049,452.8392301822431,452.0469107189212,327.75318181902315,0.4738366447400953,3,0.0,0.0
3,3,3,558.0,519.0,True,completed,8.0,,12.0,4.0,0.023955821990966797,3.964650869369507,,1376.9767905037038,810.0537400916536,1.6998585678376175,260.9033375336103,8550.041825730223,-9.053691453817112,9,354.7582069081592,2694.1979117037067,0.0,0.0,0.0,437.312543524651,414.09072150927574,405.7771498938947,104.04223462564474,0.9468987973036125,3,100.0,0.0
4,1,4,201.0,201.0,True,completed,12.0,,16.0,4.0,0.09407448768615723,3.899017810821533,,847.3734027897463,766.7672686327962,1.1051246414060902,398.9209522824325,7255.951642404017,-8.889577327274973,4,234.3375049710578,2303.006790308772,0.0,0.0,0.0,874.1224259008321,449.23837144552084,446.8411224412573,439.94044218684905,0.5139307242718953,3,0.0,0.0
5,2,5,1062.0,176.0,True,completed,16.0,,20.0,4.0,0.25795578956604004,3.7248690128326416,,1673.0743766810788,1080.4712256093694,1.5484673140994478,353.48000829686407,5825.269272552236,-8.669960504413059,7,464.41509253208017,1998.9615801955258,0.0,0.0,0.0,994.1320802301381,169.81953560478203,161.70448614527513,128.091908957035,0.1708219048373023,2,100.0,0.0
6,3,6,558.0,519.0,True,completed,20.0,,24.0,4.0,0.010376453399658203,3.9730207920074463,,1282.8552334538745,456.0996795364645,2.812664185069466,278.1709947532805,22844.926657531214,-10.036484343553663,8,327.99902123046724,3355.3159105880395,0.0,0.0,0.0,685.5147822811365,399.2834291538883,400.83107729716374,254.71983312828976,0.5824577959139299,3,100.0,0.0
7,2,7,1062.0,176.0,True,completed,24.0,25.629729986190796,28.0,4.0,0.08410263061523438,1.5456273555755615,1.629729986190796,825.4191065179898,509.0708191750194,1.6214229443668218,258.51148909839304,724.3127587716203,-6.585223286359705,3,555.32957902276,1789.9689526091101,100.0,1.6986820151216848,0.0,490.9787309958199,189.2510874838937,186.2142730095502,37.86248783869298,0.3854567938208813,2,100.0,0.0
8,1,8,201.0,201.0,True,completed,28.0,,32.0,4.0,0.5778069496154785,3.402620792388916,,1210.3517816721126,945.3201709678189,1.2803617428716816,282.6818491688771,3714.251586932084,-8.219932479772424,10,369.97992904687777,1914.207982846166,0.0,0.0,0.0,815.4235958394504,240.1798963120985,271.7285122581501,212.59924854916653,0.294546169055657,1,100.0,0.0
9,3,9,558.0,519.0,True,completed,32.0,,36.0,4.0,0.013493061065673828,3.966733694076538,,1137.828087601511,630.1969037538247,1.8055120246131573,215.04438764385674,6336.80700091639,-8.754130292952576,7,293.75830376846005,1612.9245465141619,0.0,0.0,0.0,417.3503751281449,225.11988254304416,155.4039929162702,113.36742507765446,0.5394026121910696,3,100.0,0.0
10,2,10,1062.0,176.0,True,completed,36.0,,40.0,4.0,0.011799335479736328,3.962028741836548,,937.3350599848412,660.5112988906444,1.4191052621796683,382.8565647871562,13793.497705911297,-9.531952579373709,4,240.53984416600807,4513.299641503309,0.0,0.0,0.0,568.2858704229495,263.51088763253745,259.16602202854875,246.57528347360304,0.46369424500457523,2,100.0,0.0
11,1,11,201.0,201.0,True,completed,40.0,,44.0,4.0,0.749488353729248,3.2294631004333496,,936.9745670081729,790.9526073157979,1.1846153086060616,195.04801616308126,2120.9974132564566,-7.659641734977167,10,298.74258801677985,781.7769964593554,0.0,0.0,0.0,693.4315259725762,108.8067168563705,109.81434055398194,74.21106892746428,0.15691054239820296,1,100.0,0.0
12,3,12,558.0,519.0,True,completed,44.0,,48.0,4.0,0.14583945274353027,3.8236777782440186,,1290.8140461921566,852.378404032522,1.514367374965669,228.15135551331574,8324.274908390957,-9.02693121296421,9,345.7423157590062,2471.3445539975887,0.0,0.0,0.0,553.7809010784639,300.098430603172,310.1326415901293,130.86676691254848,0.5419082348610137,3,100.0,0.0
13,1,13,201.0,201.0,True,completed,48.0,,52.0,4.0,0.012321949005126953,3.9832699298858643,,1260.7111262565568,869.3691325971571,1.4501447992411496,388.97798417593646,9424.521536008502,-9.151070245617365,8,333.98522341452434,3486.9284888878938,0.0,0.0,0.0,779.8916156706518,137.22233142916647,139.7359315457484,136.68453225441786,0.17595051500991576,1,100.0,0.0
14,3,14,558.0,519.0,True,completed,52.0,,56.0,4.0,0.14077520370483398,3.827606678009033,,1189.9715566227037,984.3592541136352,1.2088793310468868,164.781866592552,4691.388802959829,-8.45348393763952,4,314.9077926547978,2210.663554706172,0.0,0.0,0.0,560.743137133639,430.0651830098369,436.14495608098406,131.6722038184966,0.7669557673201477,3,100.0,0.0
15,2,15,1062.0,176.0,True,completed,56.0,,60.0,4.0,0.3707270622253418,3.5991933345794678,,997.1036628522999,608.6619355022614,1.6381896167525254,201.34742266168632,5756.127545501207,-8.65802022646593,4,286.1837418156506,2119.0258337493497,0.0,0.0,0.0,483.18821369886285,126.33873179781101,126.71541455925134,108.71377511928186,0.26146898499587373,2,100.0,0.0
