trial,target,t,x,y,hand_detected
1,2,0.0197,397.83,0.00,1
1,2,0.0616,397.83,0.00,1
1,2,0.0945,397.66,0.00,1
1,2,0.1287,397.44,0.00,1
1,2,0.1577,397.32,0.00,1
1,2,0.1902,397.36,0.00,1
1,2,0.2239,397.51,0.00,1
1,2,0.2640,397.73,0.00,1
1,2,0.2930,397.99,0.00,1
1,2,0.3244,398.25,0.00,1
1,2,0.3587,398.46,0.00,1
1,2,0.4067,398.52,0.00,1
1,2,0.4322,398.50,0.00,1
1,2,0.4605,398.73,0.00,1
1,2,0.4991,399.52,0.00,1
1,2,0.5277,400.80,0.00,1
1,2,0.5676,402.13,0.00,1
1,2,0.5937,403.19,0.00,1
1,2,0.6342,403.92,0.00,1
1,2,0.6662,404.46,0.00,1
1,2,0.6998,404.98,0.00,1
1,2,0.7321,405.49,0.00,1
1,2,0.7637,405.85,0.00,1
1,2,0.8033,405.76,0.00,1
1,2,0.8286,404.81,0.00,1
1,2,0.8609,402.90,0.00,1
1,2,0.9029,400.43,0.00,1
1,2,0.9338,397.62,0.00,1
1,2,0.9705,394.13,0.00,1
1,2,1.0018,389.43,0.00,1
1,2,1.0306,383.43,0.00,1
1,2,1.0737,376.93,0.00,1
1,2,1.1058,371.52,0.00,1
1,2,1.1309,368.75,0.00,1
1,2,1.1648,369.31,0.00,1
1,2,1.2034,372.76,0.00,1
1,2,1.2348,378.14,0.00,1
1,2,1.2669,385.05,0.00,1
1,2,1.3024,394.28,0.00,1
1,2,1.3316,407.37,0.00,1
1,2,1.3657,424.73,0.00,1
1,2,1.3981,444.67,0.00,1
1,2,1.4356,465.04,0.00,1
1,2,1.4731,485.14,0.00,1
1,2,1.5023,505.68,0.00,1
1,2,1.5323,527.85,0.00,1
1,2,1.5673,552.48,0.00,1
1,2,1.6119,579.10,0.00,1
1,2,1.6320,605.84,0.00,1
1,2,1.6736,630.84,0.00,1
1,2,1.7037,653.78,0.00,1
1,2,1.7440,675.99,0.00,1
1,2,1.7785,699.14,0.00,1
1,2,1.8112,724.29,0.00,1
1,2,1.8367,751.41,0.00,1
1,2,1.8669,779.27,0.00,1
1,2,1.9089,806.16,0.00,1
1,2,1.9392,830.60,0.00,1
1,2,1.9766,851.53,0.00,1
1,2,2.0055,869.01,0.00,1
1,2,2.0467,884.61,0.00,1
1,2,2.0833,899.96,0.00,1
1,2,2.1124,915.18,0.00,1
1,2,2.1467,929.31,0.00,1
1,2,2.1698,941.56,0.00,1
1,2,2.2122,952.20,0.00,1
1,2,2.2425,963.01,0.00,1
1,2,2.2763,975.65,0.00,1
1,2,2.3143,989.65,0.00,1
1,2,2.3475,1003.48,0.00,1
1,2,2.3853,1016.76,0.00,1
1,2,2.4133,1030.80,0.00,1
1,2,2.4420,1047.04,0.00,1
1,2,2.4797,1063.11,0.00,1
1,2,2.5134,1074.25,0.00,1
1,2,2.5435,1079.26,0.00,1
1,2,2.5819,1080.61,0.00,1
1,2,2.6112,1080.73,0.00,1
1,2,2.6542,1080.50,0.00,1
1,2,2.6900,1080.35,0.00,1
1,2,2.7220,1081.24,0.00,1
1,2,2.7561,1084.05,0.00,1
1,2,2.7856,1089.04,0.00,1
1,2,2.8169,1095.83,0.00,1
1,2,2.8450,1103.48,0.00,1
1,2,2.8872,1110.91,0.00,1
1,2,2.9184,1117.10,0.00,1
1,2,2.9520,1120.94,0.00,1
1,2,2.9850,1121.95,0.00,1
1,2,3.0175,1120.94,0.00,1
1,2,3.0465,1119.24,0.00,1
1,2,3.0882,1117.93,0.00,1
1,2,3.1140,1117.73,0.00,1
1,2,3.1546,1119.06,0.00,1
1,2,3.1822,1121.54,0.00,1
1,2,3.2167,1123.90,0.00,1
1,2,3.2539,1125.12,0.00,1
1,2,3.2815,1125.44,0.00,1
1,2,3.3229,1125.67,0.00,1
1,2,3.3468,1125.95,0.00,1
1,2,3.3857,1125.90,0.00,1
1,2,3.4192,1125.24,0.00,1
1,2,3.4546,1124.39,0.00,1
1,2,3.4896,1124.36,0.00,1
1,2,3.5203,1125.89,0.00,1
1,2,3.5523,1128.78,0.00,1
1,2,3.5885,1131.75,0.00,1
1,2,3.6122,1132.99,0.00,1
1,2,3.6601,1132.03,0.00,1
1,2,3.6865,1130.04,0.00,1
1,2,3.7245,1128.08,0.00,1
1,2,3.7575,1126.39,0.00,1
1,2,3.7897,1125.13,0.00,1
1,2,3.8244,1124.91,0.00,1
1,2,3.8552,1126.25,0.00,1
1,2,3.8840,1128.92,0.00,1
1,2,3.9225,1132.16,0.00,1
1,2,3.9574,1135.05,0.00,1
1,2,3.9980,1136.39,0.00,1
2,1,4.0271,1135.31,0.00,1
2,1,4.0546,1131.99,0.00,1
2,1,4.0935,1127.88,0.00,1
2,1,4.1244,1124.93,0.00,1
2,1,4.1601,1124.32,0.00,1
2,1,4.1863,1125.72,0.00,1
2,1,4.2280,1127.86,0.00,1
2,1,4.2554,1129.60,0.00,1
2,1,4.2899,1130.32,0.00,1
2,1,4.3261,1129.98,0.00,1
2,1,4.3560,1129.13,0.00,1
2,1,4.3960,1128.24,0.00,1
2,1,4.4267,1127.43,0.00,1
2,1,4.4635,1126.53,0.00,1
2,1,4.4970,1125.18,0.00,1
2,1,4.5274,1123.14,0.00,1
2,1,4.5651,1120.17,0.00,1
2,1,4.5936,1115.73,0.00,1
2,1,4.6259,1108.93,0.00,1
2,1,4.6678,1098.49,0.00,1
2,1,4.7026,1083.49,0.00,1
2,1,4.7334,1064.73,0.00,1
2,1,4.7620,1044.47,0.00,1
2,1,4.8003,1024.98,0.00,1
2,1,4.8286,1007.57,0.00,1
2,1,4.8651,992.41,0.00,1
2,1,4.8957,978.88,0.00,1
2,1,4.9339,966.80,0.00,1
2,1,4.9646,955.41,0.00,1
2,1,5.0027,941.08,0.00,1
2,1,5.0309,920.01,0.00,1
2,1,5.0646,892.37,0.59,1
2,1,5.1006,861.21,4.10,1
2,1,5.1293,829.27,13.67,1
2,1,5.1672,797.35,30.52,1
2,1,5.2002,765.31,53.24,1
2,1,5.2333,733.93,78.78,1
2,1,5.2727,704.30,103.32,1
2,1,5.3013,676.62,123.77,1
2,1,5.3405,652.09,139.07,1
2,1,5.3772,633.93,150.25,1
2,1,5.4096,623.75,160.00,1
2,1,5.4417,618.53,172.05,1
2,1,5.4618,613.32,190.11,1
2,1,5.5058,605.62,216.00,1
2,1,5.5391,595.59,248.02,1
2,1,5.5670,583.30,282.69,1
2,1,5.6090,566.92,317.35,1
2,1,5.6399,544.40,350.01,1
2,1,5.6726,516.70,379.23,1
2,1,5.7067,486.57,404.92,1
2,1,5.7397,455.19,427.54,1
2,1,5.7724,422.45,448.05,1
2,1,5.7974,389.06,469.43,1
2,1,5.8430,356.71,494.10,1
2,1,5.8690,327.64,519.19,1
2,1,5.9036,303.75,539.29,1
2,1,5.9375,285.73,552.73,1
2,1,5.9701,273.37,561.32,1
2,1,6.0097,265.67,567.54,1
2,1,6.0349,260.95,572.99,1
2,1,6.0661,257.51,578.39,1
2,1,6.1118,254.11,585.12,1
2,1,6.1416,249.41,593.69,1
2,1,6.1770,242.31,602.67,1
2,1,6.2074,233.08,611.16,1
2,1,6.2404,222.62,619.64,1
2,1,6.2790,212.09,628.43,1
2,1,6.3093,203.09,636.60,1
2,1,6.3445,196.45,643.05,1
2,1,6.3774,191.70,647.55,1
2,1,6.4067,187.98,650.00,1
2,1,6.4413,184.33,650.00,1
2,1,6.4753,180.12,650.00,1
2,1,6.5143,175.50,650.00,1
2,1,6.5469,170.97,649.91,1
2,1,6.5782,166.95,649.77,1
2,1,6.6155,163.90,649.82,1
2,1,6.6432,162.46,649.93,1
2,1,6.6838,162.29,650.00,1
2,1,6.7167,162.17,650.00,1
2,1,6.7455,161.43,650.00,1
2,1,6.7816,160.13,650.00,1
2,1,6.8136,158.49,650.00,1
2,1,6.8514,156.76,649.99,1
2,1,6.8866,155.02,649.99,1
2,1,6.9202,153.23,650.00,1
2,1,6.9562,151.62,650.00,1
2,1,6.9846,150.67,650.00,1
2,1,7.0189,150.81,650.00,1
2,1,7.0504,151.77,650.00,1
2,1,7.0797,152.81,650.00,1
2,1,7.1203,153.57,650.00,1
2,1,7.1487,153.92,650.00,1
2,1,7.1874,153.69,650.00,1
2,1,7.2225,153.27,650.00,1
2,1,7.2483,153.16,650.00,1
2,1,7.2859,152.83,650.00,1
2,1,7.3107,151.46,650.00,1
2,1,7.3612,149.41,650.00,1
2,1,7.3932,147.68,650.00,1
2,1,7.4204,146.84,650.00,1
2,1,7.4589,146.84,650.00,1
2,1,7.4910,147.29,650.00,1
2,1,7.5205,147.75,650.00,1
2,1,7.5567,148.09,650.00,1
2,1,7.5887,148.30,650.00,1
2,1,7.6202,148.48,650.00,1
2,1,7.6497,148.93,650.00,1
2,1,7.6898,149.32,650.00,1
2,1,7.7173,148.91,650.00,1
2,1,7.7513,147.70,650.00,1
2,1,7.7929,146.26,650.00,1
2,1,7.8250,145.13,650.00,1
2,1,7.8530,144.47,650.00,1
2,1,7.8939,144.04,650.00,1
2,1,7.9248,143.52,650.00,1
2,1,7.9583,142.93,650.00,1
2,1,7.9909,142.16,650.00,1
3,3,8.0240,140.77,650.00,1
3,3,8.0580,138.69,650.00,1
3,3,8.0891,136.22,650.00,1
3,3,8.1201,133.51,649.60,1
3,3,8.1525,131.07,648.26,1
3,3,8.1955,130.02,646.28,1
3,3,8.2250,130.91,644.43,1
3,3,8.2506,133.75,643.74,1
3,3,8.2941,138.61,644.98,1
3,3,8.3286,145.08,647.40,1
3,3,8.3607,151.65,649.10,1
3,3,8.3958,156.44,648.09,1
3,3,8.4268,157.99,643.68,1
3,3,8.4620,156.41,636.73,1
3,3,8.4890,153.77,628.49,1
3,3,8.5259,153.14,619.89,1
3,3,8.5659,156.87,610.96,1
3,3,8.5943,166.48,601.55,1
3,3,8.6253,182.94,591.75,1
3,3,8.6608,204.42,580.20,1
3,3,8.6938,227.09,565.54,1
3,3,8.7282,248.81,549.30,1
3,3,8.7640,269.55,533.82,1
3,3,8.8003,290.47,519.74,1
3,3,8.8343,313.63,508.39,1
3,3,8.8658,342.00,505.53,1
3,3,8.8966,379.68,520.63,1
3,3,8.9276,431.02,557.18,1
3,3,8.9704,497.52,603.66,1
3,3,9.0049,574.44,641.54,1
3,3,9.0379,653.61,650.00,1
3,3,9.0640,730.02,650.00,1
3,3,9.0977,802.20,650.00,1
3,3,9.1330,867.69,650.00,1
3,3,9.1565,921.08,647.70,1
3,3,9.2026,957.10,647.09,1
3,3,9.2308,974.48,648.20,1
3,3,9.2674,977.42,649.58,1
3,3,9.3007,972.67,650.00,1
3,3,9.3241,965.08,650.00,1
3,3,9.3686,958.63,650.00,1
3,3,9.3996,957.56,650.00,1
3,3,9.4370,962.60,649.93,1
3,3,9.4652,970.40,649.88,1
3,3,9.4969,978.56,649.92,1
3,3,9.5406,986.91,649.97,1
3,3,9.5717,994.25,650.00,1
3,3,9.6022,1000.15,650.00,1
3,3,9.6342,1003.96,650.00,1
3,3,9.6704,1000.08,650.00,1
3,3,9.7035,982.75,650.00,1
3,3,9.7341,953.88,650.00,1
3,3,9.7637,925.15,650.00,1
3,3,9.8076,913.10,650.00,1
3,3,9.8336,923.50,650.00,1
3,3,9.8714,946.29,650.00,1
3,3,9.9041,971.51,650.00,1
3,3,9.9300,994.72,650.00,1
3,3,9.9708,1009.71,650.00,1
3,3,10.0031,1011.70,650.00,1
3,3,10.0531,1004.11,650.00,1
3,3,10.0819,995.96,650.00,1
3,3,10.1120,994.70,650.00,1
3,3,10.1416,1001.45,650.00,1
3,3,10.1701,1009.87,650.00,1
3,3,10.2078,1011.73,650.00,1
3,3,10.2359,1006.45,650.00,1
3,3,10.2727,1000.48,650.00,1
3,3,10.3109,997.59,650.00,1
3,3,10.3421,996.58,650.00,1
3,3,10.3747,996.10,650.00,1
3,3,10.4081,995.35,650.00,1
3,3,10.4428,992.75,650.00,1
3,3,10.4709,987.19,650.00,1
3,3,10.5102,980.07,650.00,1
3,3,10.5458,974.61,650.00,1
3,3,10.5757,971.12,650.00,1
3,3,10.6093,966.56,650.00,1
3,3,10.6459,959.78,650.00,1
3,3,10.6724,952.28,650.00,1
3,3,10.7157,945.41,650.00,1
3,3,10.7490,940.13,650.00,1
3,3,10.7775,937.08,650.00,1
3,3,10.8131,936.25,650.00,1
3,3,10.8496,936.98,650.00,1
3,3,10.8739,937.80,650.00,1
3,3,10.9098,937.38,650.00,1
3,3,10.9481,936.06,650.00,1
3,3,10.9823,934.75,650.00,1
3,3,11.0111,933.49,650.00,1
3,3,11.0513,933.05,650.00,1
3,3,11.0802,934.95,650.00,1
3,3,11.1134,937.88,650.00,1
3,3,11.1521,938.89,650.00,1
3,3,11.1818,937.53,650.00,1
3,3,11.2163,935.44,650.00,1
3,3,11.2446,933.45,650.00,1
3,3,11.2779,931.47,650.00,1
3,3,11.3232,930.62,650.00,1
3,3,11.3504,932.43,650.00,1
3,3,11.3867,936.50,650.00,1
3,3,11.4139,940.41,650.00,1
3,3,11.4494,942.52,650.00,1
3,3,11.4878,943.18,650.00,1
3,3,11.5175,943.28,650.00,1
3,3,11.5597,943.87,650.00,1
3,3,11.5897,945.52,650.00,1
3,3,11.6155,947.31,650.00,1
3,3,11.6538,948.25,650.00,1
3,3,11.6863,948.46,650.00,1
3,3,11.7239,948.37,650.00,1
3,3,11.7567,948.18,650.00,1
3,3,11.7869,948.16,650.00,1
3,3,11.8183,948.48,650.00,1
3,3,11.8542,948.95,650.00,1
3,3,11.8941,949.41,650.00,1
3,3,11.9233,949.94,650.00,1
3,3,11.9500,950.50,650.00,1
3,3,11.9886,950.82,650.00,1
4,1,12.0204,950.99,650.00,1
4,1,12.0610,951.63,650.00,1
4,1,12.0941,953.13,650.00,1
4,1,12.1257,955.17,650.00,1
4,1,12.1586,957.11,650.00,1
4,1,12.1810,958.75,650.00,1
4,1,12.2269,960.18,650.00,1
4,1,12.2579,961.21,650.00,1
4,1,12.2881,961.71,650.00,1
4,1,12.3218,962.05,650.00,1
4,1,12.3530,962.79,650.00,1
4,1,12.3885,964.15,650.00,1
4,1,12.4284,965.92,650.00,1
4,1,12.4595,967.68,650.00,1
4,1,12.4953,968.70,650.00,1
4,1,12.5250,967.80,650.00,1
4,1,12.5613,963.87,650.00,1
4,1,12.5955,956.31,650.00,1
4,1,12.6329,944.52,650.00,1
4,1,12.6589,926.56,650.00,1
4,1,12.6870,900.42,650.00,1
4,1,12.7309,866.11,650.00,1
4,1,12.7661,823.58,650.00,1
4,1,12.7883,770.82,650.00,1
4,1,12.8323,707.37,650.00,1
4,1,12.8571,638.96,650.00,1
4,1,12.8971,575.88,650.00,1
4,1,12.9240,525.41,650.00,1
4,1,12.9621,487.29,650.00,1
4,1,12.9976,455.74,650.00,1
4,1,13.0243,425.07,650.00,1
4,1,13.0659,392.76,650.00,1
4,1,13.0939,358.79,650.00,1
4,1,13.1294,324.88,650.00,1
4,1,13.1645,293.85,650.00,1
4,1,13.1964,268.47,650.00,1
4,1,13.2320,250.14,650.00,1
4,1,13.2629,238.41,650.00,1
4,1,13.2959,231.81,650.00,1
4,1,13.3364,228.03,650.00,1
4,1,13.3624,224.50,650.00,1
4,1,13.3980,220.01,650.00,1
4,1,13.4300,215.03,650.00,1
4,1,13.4592,210.40,650.00,1
4,1,13.5011,206.40,650.00,1
4,1,13.5294,203.03,650.00,1
4,1,13.5693,200.57,650.00,1
4,1,13.5973,199.13,650.00,1
4,1,13.6326,198.27,650.00,1
4,1,13.6710,197.81,650.00,1
4,1,13.6986,197.98,650.00,1
4,1,13.7420,198.59,650.00,1
4,1,13.7734,198.76,650.00,1
4,1,13.8007,197.82,650.00,1
4,1,13.8330,196.10,650.00,1
4,1,13.8656,194.13,650.00,1
4,1,13.9038,191.93,650.00,1
4,1,13.9340,189.62,650.00,1
4,1,13.9690,187.39,650.00,1
4,1,14.0046,185.59,650.00,1
4,1,14.0371,184.53,650.00,1
4,1,14.0747,183.94,650.00,1
4,1,14.0959,183.41,650.00,1
4,1,14.1375,182.83,650.00,1
4,1,14.1701,182.16,650.00,1
4,1,14.2049,181.43,650.00,1
4,1,14.2407,180.80,650.00,1
4,1,14.2732,180.43,650.00,1
4,1,14.3005,180.34,650.00,1
4,1,14.3423,180.63,650.00,1
4,1,14.3700,181.27,650.00,1
4,1,14.4071,182.00,650.00,1
4,1,14.4343,182.54,650.00,1
4,1,14.4711,182.79,650.00,1
4,1,14.5120,182.87,650.00,1
4,1,14.5375,182.82,650.00,1
4,1,14.5782,182.52,650.00,1
4,1,14.6038,181.80,650.00,1
4,1,14.6344,180.71,650.00,1
4,1,14.6777,179.60,650.00,1
4,1,14.7082,178.81,650.00,1
4,1,14.7456,178.37,650.00,1
4,1,14.7734,178.06,650.00,1
4,1,14.8022,177.44,650.00,1
4,1,14.8448,176.42,650.00,1
4,1,14.8780,175.45,650.00,1
4,1,14.9091,174.92,650.00,1
4,1,14.9337,174.87,650.00,1
4,1,14.9760,175.18,650.00,1
4,1,15.0160,175.59,650.00,1
4,1,15.0530,176.06,650.00,1
4,1,15.0771,176.77,650.00,1
4,1,15.1083,177.82,650.00,1
4,1,15.1383,179.09,650.00,1
4,1,15.1818,180.19,650.00,1
4,1,15.2125,180.84,650.00,1
4,1,15.2464,181.23,650.00,1
4,1,15.2742,181.61,650.00,1
4,1,15.3090,182.10,650.00,1
4,1,15.3482,182.72,650.00,1
4,1,15.3752,183.34,649.95,1
4,1,15.4240,183.75,649.58,1
4,1,15.4561,184.16,648.54,1
4,1,15.4744,184.84,647.03,1
4,1,15.5225,185.66,645.57,1
4,1,15.5561,186.27,644.25,1
4,1,15.5893,186.64,642.98,1
4,1,15.6159,186.71,641.91,1
4,1,15.6419,186.38,641.12,1
4,1,15.6867,185.90,640.68,1
4,1,15.7181,185.73,640.94,1
4,1,15.7530,186.01,642.15,1
4,1,15.7796,186.59,644.21,1
4,1,15.8140,187.13,646.70,1
4,1,15.8535,187.05,648.88,1
4,1,15.8827,186.14,650.00,1
4,1,15.9113,185.11,650.00,1
4,1,15.9561,185.08,650.00,1
4,1,15.9931,186.37,650.00,1
5,2,16.0270,188.11,649.94,1
5,2,16.0633,188.86,649.82,1
5,2,16.0916,188.08,649.73,1
5,2,16.1210,186.85,649.66,1
5,2,16.1524,186.13,649.69,1
5,2,16.1871,185.97,649.82,1
5,2,16.2173,186.08,649.68,1
5,2,16.2580,186.20,648.63,1
5,2,16.2886,186.50,646.48,1
5,2,16.3208,187.16,643.63,1
5,2,16.3546,187.78,640.52,1
5,2,16.3877,188.00,637.15,1
5,2,16.4250,187.89,632.29,1
5,2,16.4480,188.05,623.57,1
5,2,16.4960,189.71,608.18,1
5,2,16.5250,194.87,582.41,1
5,2,16.5517,205.94,542.11,1
5,2,16.5954,223.57,487.19,1
5,2,16.6230,243.96,424.98,1
5,2,16.6642,259.39,367.70,1
5,2,16.6936,263.70,325.12,1
5,2,16.7226,257.73,298.54,1
5,2,16.7609,248.21,282.17,1
5,2,16.7925,241.97,269.15,1
5,2,16.8196,242.68,255.29,1
5,2,16.8607,251.59,238.62,1
5,2,16.8904,268.89,218.08,1
5,2,16.9280,296.61,193.05,1
5,2,16.9583,339.12,164.44,1
5,2,16.9929,396.66,136.73,1
5,2,17.0320,460.63,117.18,1
5,2,17.0589,518.44,110.79,1
5,2,17.0972,562.78,117.67,1
5,2,17.1246,595.32,136.40,1
5,2,17.1580,622.14,165.18,1
5,2,17.1944,647.66,198.53,1
5,2,17.2271,673.30,227.51,1
5,2,17.2658,699.77,244.72,1
5,2,17.2903,728.57,250.33,1
5,2,17.3286,762.04,253.74,1
5,2,17.3657,800.81,263.34,1
5,2,17.4006,841.97,276.91,1
5,2,17.4305,882.24,288.80,1
5,2,17.4650,919.79,296.94,1
5,2,17.4904,953.80,300.55,1
5,2,17.5401,986.14,300.66,1
5,2,17.5720,1020.00,300.94,1
5,2,17.5957,1055.64,303.93,1
5,2,17.6336,1090.89,308.77,1
5,2,17.6605,1123.74,313.88,1
5,2,17.6993,1152.61,318.27,1
5,2,17.7310,1175.63,319.08,1
5,2,17.7640,1191.37,312.85,1
5,2,17.7968,1199.90,298.79,1
5,2,17.8282,1200.00,279.44,1
5,2,17.8657,1200.00,259.76,1
5,2,17.8937,1200.00,244.40,1
5,2,17.9362,1199.69,235.56,1
5,2,17.9617,1199.29,232.98,1
5,2,17.9999,1199.44,234.35,1
5,2,18.0421,1199.78,236.92,1
5,2,18.0708,1200.00,238.67,1
5,2,18.0984,1200.00,238.36,1
5,2,18.1407,1200.00,235.78,1
5,2,18.1687,1200.00,231.91,1
5,2,18.2081,1200.00,228.43,1
5,2,18.2376,1199.97,226.29,1
5,2,18.2712,1199.98,225.30,1
5,2,18.3064,1199.99,224.54,1
5,2,18.3357,1200.00,222.43,1
5,2,18.3740,1200.00,218.36,1
5,2,18.4045,1200.00,213.93,1
5,2,18.4427,1200.00,211.04,1
5,2,18.4719,1200.00,209.54,1
5,2,18.5024,1200.00,208.07,1
5,2,18.5324,1200.00,206.45,1
5,2,18.5652,1200.00,205.86,1
5,2,18.6088,1200.00,206.49,1
5,2,18.6357,1200.00,207.59,1
5,2,18.6629,1200.00,209.03,1
5,2,18.7081,1200.00,211.04,1
5,2,18.7399,1200.00,213.48,1
5,2,18.7799,1200.00,215.95,1
5,2,18.8082,1200.00,218.10,1
5,2,18.8427,1200.00,220.24,1
5,2,18.8765,1200.00,223.35,1
5,2,18.9085,1200.00,228.13,1
5,2,18.9442,1200.00,234.17,1
5,2,18.9768,1200.00,240.64,1
5,2,19.0098,1200.00,246.70,1
5,2,19.0461,1200.00,251.16,1
5,2,19.0796,1200.00,253.01,1
5,2,19.1135,1200.00,252.16,1
5,2,19.1439,1200.00,249.69,1
5,2,19.1773,1200.00,247.80,1
5,2,19.2034,1200.00,248.13,1
5,2,19.2482,1200.00,250.56,1
5,2,19.2804,1200.00,253.58,1
5,2,19.3139,1200.00,255.52,1
5,2,19.3345,1200.00,255.93,1
5,2,19.3830,1200.00,255.70,1
5,2,19.4144,1200.00,255.59,1
5,2,19.4477,1200.00,255.71,1
5,2,19.4775,1200.00,256.21,1
5,2,19.5130,1200.00,257.09,1
5,2,19.5448,1200.00,257.89,1
5,2,19.5787,1200.00,258.77,1
5,2,19.6185,1200.00,260.48,1
5,2,19.6460,1200.00,262.87,1
5,2,19.6755,1200.00,265.05,1
5,2,19.7187,1200.00,267.10,1
5,2,19.7475,1200.00,269.94,1
5,2,19.7867,1200.00,272.98,1
5,2,19.8223,1200.00,274.27,1
5,2,19.8517,1200.00,273.40,1
5,2,19.8778,1200.00,272.06,1
5,2,19.9161,1200.00,271.58,1
5,2,19.9535,1200.00,272.37,1
5,2,19.9828,1200.00,274.97,1
6,3,20.0104,1200.00,278.65,1
6,3,20.0514,1200.00,281.01,1
6,3,20.0832,1200.00,281.15,1
6,3,20.1212,1200.00,280.26,1
6,3,20.1459,1200.00,279.07,1
6,3,20.1822,1200.00,277.79,1
6,3,20.2166,1200.00,276.98,1
6,3,20.2429,1200.00,276.96,1
6,3,20.2948,1200.00,277.91,1
6,3,20.3252,1200.00,279.91,1
6,3,20.3510,1200.00,282.27,1
6,3,20.3877,1200.00,284.17,1
6,3,20.4203,1200.00,285.14,1
6,3,20.4586,1200.00,285.24,1
6,3,20.4951,1200.00,284.58,1
6,3,20.5255,1199.57,281.07,1
6,3,20.5488,1196.03,270.45,1
6,3,20.5878,1182.89,249.28,1
6,3,20.6263,1153.28,218.23,1
6,3,20.6571,1106.40,183.56,1
6,3,20.6919,1049.06,154.39,1
6,3,20.7256,991.28,138.95,1
6,3,20.7586,939.94,140.57,1
6,3,20.7928,896.18,156.72,1
6,3,20.8202,858.76,183.21,1
6,3,20.8491,826.84,217.85,1
6,3,20.8944,801.85,266.34,1
6,3,20.9193,790.94,343.89,1
6,3,20.9618,804.02,453.00,1
6,3,20.9933,844.03,565.45,1
6,3,21.0261,899.93,645.26,1
6,3,21.0595,952.30,650.00,1
6,3,21.0918,987.15,650.00,1
6,3,21.1261,1001.48,650.00,1
6,3,21.1540,1000.02,650.00,1
6,3,21.1943,990.40,643.66,1
6,3,21.2285,979.01,643.67,1
6,3,21.2612,969.80,646.71,1
6,3,21.2946,964.38,649.69,1
6,3,21.3198,961.74,650.00,1
6,3,21.3534,959.46,650.00,1
6,3,21.4028,955.65,650.00,1
6,3,21.4261,949.22,650.00,1
6,3,21.4663,939.96,649.77,1
6,3,21.4976,928.26,649.73,1
6,3,21.5251,914.60,649.84,1
6,3,21.5661,900.52,649.97,1
6,3,21.5898,889.04,650.00,1
6,3,21.6283,881.78,650.00,1
6,3,21.6586,878.38,650.00,1
6,3,21.6985,879.04,650.00,1
6,3,21.7318,883.66,649.99,1
6,3,21.7630,890.27,649.99,1
6,3,21.8004,896.50,649.99,1
6,3,21.8351,900.78,650.00,1
6,3,21.8716,903.19,650.00,1
6,3,21.8967,904.81,650.00,1
6,3,21.9345,906.07,650.00,1
6,3,21.9668,907.27,650.00,1
6,3,21.9990,908.98,650.00,1
6,3,22.0344,911.31,650.00,1
6,3,22.0676,914.08,650.00,1
6,3,22.1010,916.75,650.00,1
6,3,22.1373,918.26,650.00,1
6,3,22.1693,918.44,650.00,1
6,3,22.1994,919.10,650.00,1
6,3,22.2264,921.84,650.00,1
6,3,22.2656,926.32,650.00,1
6,3,22.3015,930.86,650.00,1
6,3,22.3308,933.22,650.00,1
6,3,22.3681,932.39,650.00,1
6,3,22.4050,929.57,650.00,1
6,3,22.4368,926.56,650.00,1
6,3,22.4728,924.46,650.00,1
6,3,22.5008,923.86,650.00,1
6,3,22.5321,925.03,650.00,1
6,3,22.5736,927.59,650.00,1
6,3,22.6090,930.22,650.00,1
6,3,22.6408,931.59,650.00,1
6,3,22.6746,932.14,650.00,1
6,3,22.7025,933.52,650.00,1
6,3,22.7409,936.44,650.00,1
6,3,22.7723,939.76,650.00,1
6,3,22.8065,941.28,650.00,1
6,3,22.8392,939.71,650.00,1
6,3,22.8711,936.18,650.00,1
6,3,22.9097,933.77,650.00,1
6,3,22.9463,934.62,650.00,1
6,3,22.9792,937.98,650.00,1
6,3,23.0072,941.28,650.00,1
6,3,23.0422,943.06,650.00,1
6,3,23.0778,943.74,650.00,1
6,3,23.1109,943.00,650.00,1
6,3,23.1448,940.14,650.00,1
6,3,23.1748,936.12,650.00,1
6,3,23.2050,932.87,650.00,1
6,3,23.2450,931.75,650.00,1
6,3,23.2774,932.63,650.00,1
6,3,23.3130,934.14,650.00,1
6,3,23.3406,935.19,650.00,1
6,3,23.3773,935.71,650.00,1
6,3,23.4081,936.02,650.00,1
6,3,23.4401,936.16,650.00,1
6,3,23.4805,936.16,650.00,1
6,3,23.5128,936.11,650.00,1
6,3,23.5517,936.11,650.00,1
6,3,23.5843,936.45,650.00,1
6,3,23.6133,937.20,650.00,1
6,3,23.6513,937.79,650.00,1
6,3,23.6812,937.63,650.00,1
6,3,23.7149,936.78,650.00,1
6,3,23.7486,935.91,650.00,1
6,3,23.7856,935.44,650.00,1
6,3,23.8160,935.37,650.00,1
6,3,23.8543,935.92,650.00,1
6,3,23.8884,936.90,650.00,1
6,3,23.9217,937.28,650.00,1
6,3,23.9514,936.54,650.00,1
6,3,23.9834,935.18,650.00,1
7,2,24.0185,934.00,650.00,1
7,2,24.0453,933.16,650.00,1
7,2,24.0841,931.93,650.00,1
7,2,24.1113,929.90,650.00,1
7,2,24.1479,927.85,650.00,1
7,2,24.1912,926.90,650.00,1
7,2,24.2182,927.55,650.00,1
7,2,24.2511,929.20,650.00,1
7,2,24.2852,930.40,650.00,1
7,2,24.3222,930.18,650.00,1
7,2,24.3561,929.21,650.00,1
7,2,24.3881,928.99,650.00,1
7,2,24.4175,930.05,650.00,1
7,2,24.4578,931.42,650.00,1
7,2,24.4888,932.20,650.00,1
7,2,24.5196,932.12,650.00,1
7,2,24.5536,930.45,650.00,1
7,2,24.5934,925.39,650.00,1
7,2,24.6218,916.45,650.00,1
7,2,24.6550,908.50,650.00,1
7,2,24.6831,908.65,650.00,1
7,2,24.7231,918.77,650.00,1
7,2,24.7534,935.29,650.00,1
7,2,24.7848,954.09,650.00,1
7,2,24.8292,973.50,650.00,1
7,2,24.8594,994.11,650.00,1
7,2,24.8892,1017.23,650.00,1
7,2,24.9228,1044.14,650.00,1
7,2,24.9556,1074.29,650.00,1
7,2,24.9905,1103.82,650.00,1
7,2,25.0243,1128.76,650.00,1
7,2,25.0518,1148.96,650.00,1
7,2,25.0939,1166.89,650.00,1
7,2,25.1203,1183.13,650.00,1
7,2,25.1623,1195.44,650.00,1
7,2,25.1907,1200.00,650.00,1
7,2,25.2199,1200.00,649.97,1
7,2,25.2657,1200.00,648.19,1
7,2,25.2967,1200.00,638.45,1
7,2,25.3323,1199.48,613.47,1
7,2,25.3594,1199.20,573.00,1
7,2,25.3937,1199.01,523.73,1
7,2,25.4316,1196.51,471.67,1
7,2,25.4606,1188.19,418.64,1
7,2,25.4929,1172.66,364.97,1
7,2,25.5270,1152.65,311.99,1
7,2,25.5561,1132.37,261.29,1
7,2,25.5986,1114.28,213.64,1
7,2,25.6297,1099.25,169.21,1
7,2,25.6644,1086.13,125.85,1
7,2,25.6970,1073.26,82.52,1
7,2,25.7293,1063.61,46.16,1
7,2,25.7657,1061.31,24.68,1
7,2,25.7962,1065.07,19.64,1
7,2,25.8325,1070.39,27.93,1
7,2,25.8609,1073.28,40.21,1
7,2,25.8917,1072.19,46.56,1
7,2,25.9337,1068.63,46.12,1
7,2,25.9651,1065.00,43.68,1
7,2,25.9992,1062.59,42.01,1
7,2,26.0328,1061.43,41.22,1
7,2,26.0631,1061.02,40.57,1
7,2,26.0987,1060.94,39.49,1
7,2,26.1327,1061.10,38.06,1
7,2,26.1697,1061.38,36.52,1
7,2,26.2012,1061.34,34.58,1
7,2,26.2354,1060.88,32.55,1
7,2,26.2651,1060.43,31.41,1
7,2,26.2973,1060.20,31.17,1
7,2,26.3396,1059.96,30.99,1
7,2,26.3725,1059.51,30.24,1
7,2,26.4015,1058.69,28.18,1
7,2,26.4389,1057.07,23.43,1
7,2,26.4744,1053.99,15.67,1
7,2,26.5076,1049.25,7.12,1
7,2,26.5406,1043.52,0.75,1
7,2,26.5721,1038.09,0.00,1
7,2,26.6075,1033.68,0.00,1
7,2,26.6391,1030.11,0.00,1
7,2,26.6727,1027.22,0.00,1
7,2,26.7057,1025.28,0.46,1
7,2,26.7365,1024.39,0.50,1
7,2,26.7713,1024.21,0.28,1
7,2,26.7982,1024.07,0.04,1
7,2,26.8405,1023.30,0.00,1
7,2,26.8740,1021.76,0.00,1
7,2,26.9034,1019.87,0.00,1
7,2,26.9443,1018.17,0.00,1
7,2,26.9683,1016.85,0.02,1
7,2,27.0051,1015.74,0.02,1
7,2,27.0360,1014.44,0.01,1
7,2,27.0730,1012.69,0.00,1
7,2,27.1099,1010.54,0.00,1
7,2,27.1380,1008.22,0.00,1
7,2,27.1772,1006.08,0.00,1
7,2,27.2111,1004.35,0.00,1
7,2,27.2395,1003.04,0.00,1
7,2,27.2765,1002.28,0.00,1
7,2,27.3071,1002.23,0.00,1
7,2,27.3442,1002.64,0.00,1
7,2,27.3765,1002.81,0.00,1
7,2,27.4078,1002.23,0.00,1
7,2,27.4448,1001.28,0.00,1
7,2,27.4729,1000.57,0.00,1
7,2,27.5103,1000.12,0.00,1
7,2,27.5446,999.59,0.00,1
7,2,27.5779,998.90,0.00,1
7,2,27.6120,998.08,0.00,1
7,2,27.6455,997.36,0.00,1
7,2,27.6825,997.07,0.00,1
7,2,27.7088,997.18,0.00,1
7,2,27.7484,997.32,0.00,1
7,2,27.7786,997.32,0.00,1
7,2,27.8128,997.11,0.00,1
7,2,27.8466,996.62,0.00,1
7,2,27.8815,995.86,0.00,1
7,2,27.9130,994.93,0.00,1
7,2,27.9467,993.76,0.00,1
7,2,27.9786,992.43,0.00,1
8,1,28.0143,991.26,0.00,1
8,1,28.0446,990.53,0.00,1
8,1,28.0791,990.37,0.00,1
8,1,28.1178,990.78,0.00,1
8,1,28.1468,991.56,0.00,1
8,1,28.1796,992.28,0.00,1
8,1,28.2175,992.23,0.00,1
8,1,28.2463,991.20,0.00,1
8,1,28.2876,989.84,0.00,1
8,1,28.3161,988.88,0.00,1
8,1,28.3494,988.46,0.00,1
8,1,28.3840,988.27,0.00,1
8,1,28.4167,987.98,0.00,1
8,1,28.4530,987.66,0.00,1
8,1,28.4827,987.63,0.00,1
8,1,28.5238,988.07,0.00,1
8,1,28.5554,988.63,0.00,1
8,1,28.5778,987.94,0.00,1
8,1,28.6215,983.82,0.00,1
8,1,28.6489,974.80,0.00,1
8,1,28.6844,961.06,0.00,1
8,1,28.7161,943.95,0.89,1
8,1,28.7556,925.14,5.80,1
8,1,28.7889,905.96,18.95,1
8,1,28.8222,886.62,42.39,1
8,1,28.8618,865.23,75.87,1
8,1,28.8910,838.20,118.76,1
8,1,28.9208,802.96,167.35,1
8,1,28.9556,760.56,213.74,1
8,1,28.9850,715.62,251.75,1
8,1,29.0262,672.96,278.96,1
8,1,29.0548,634.96,294.79,1
8,1,29.0804,602.60,301.45,1
8,1,29.1261,576.11,303.12,1
8,1,29.1466,554.49,303.59,1
8,1,29.1930,535.74,305.60,1
8,1,29.2211,517.47,310.37,1
8,1,29.2579,497.93,318.09,1
8,1,29.2928,476.66,329.53,1
8,1,29.3194,454.30,345.58,1
8,1,29.3614,432.35,364.98,1
8,1,29.3904,412.55,384.91,1
8,1,29.4246,395.40,402.80,1
8,1,29.4600,379.72,416.57,1
8,1,29.4883,365.05,424.99,1
8,1,29.5315,352.88,428.76,1
8,1,29.5654,344.26,430.27,1
8,1,29.5981,338.47,431.34,1
8,1,29.6260,333.83,431.52,1
8,1,29.6524,328.61,429.67,1
8,1,29.6941,322.08,426.39,1
8,1,29.7227,314.68,423.54,1
8,1,29.7591,306.57,421.38,1
8,1,29.7991,297.11,417.98,1
8,1,29.8309,285.69,412.46,1
8,1,29.8610,272.77,406.99,1
8,1,29.8962,260.36,405.14,1
8,1,29.9249,250.84,409.30,1
8,1,29.9658,245.08,418.50,1
8,1,29.9983,242.14,428.98,1
8,1,30.0317,240.37,436.96,1
8,1,30.0620,237.61,440.34,1
8,1,30.0960,231.80,440.45,1
8,1,30.1335,222.91,442.44,1
8,1,30.1639,213.21,450.25,1
8,1,30.2065,205.07,462.27,1
8,1,30.2349,199.08,474.13,1
8,1,30.2616,193.78,483.59,1
8,1,30.3001,187.62,490.46,1
8,1,30.3329,180.84,495.16,1
8,1,30.3720,174.69,498.51,1
8,1,30.4061,169.90,500.70,1
8,1,30.4390,166.68,501.01,1
8,1,30.4633,165.19,498.84,1
8,1,30.5002,164.55,494.56,1
8,1,30.5388,162.53,489.77,1
8,1,30.5690,158.21,485.98,1
8,1,30.5949,153.66,482.95,1
8,1,30.6374,151.47,479.23,1
8,1,30.6668,151.85,473.86,1
8,1,30.6991,153.11,467.54,1
8,1,30.7386,153.40,462.25,1
8,1,30.7744,152.00,459.65,1
8,1,30.8010,149.91,459.62,1
8,1,30.8363,148.18,460.60,1
8,1,30.8736,146.83,462.35,1
8,1,30.9039,145.64,466.13,1
8,1,30.9277,144.94,471.72,1
8,1,30.9767,144.88,477.38,1
8,1,31.0095,144.73,481.74,1
8,1,31.0411,143.94,483.84,1
8,1,31.0722,142.96,483.53,1
8,1,31.1046,142.71,481.48,1
8,1,31.1408,143.55,478.08,1
8,1,31.1747,145.02,473.69,1
8,1,31.2059,146.33,469.52,1
8,1,31.2382,146.81,467.30,1
8,1,31.2706,146.20,468.55,1
8,1,31.3048,144.90,472.89,1
8,1,31.3389,143.91,477.66,1
8,1,31.3781,143.90,480.73,1
8,1,31.4070,144.81,482.02,1
8,1,31.4423,146.13,482.40,1
8,1,31.4733,147.21,482.41,1
8,1,31.5067,147.53,482.06,1
8,1,31.5441,146.94,480.83,1
8,1,31.5731,145.97,477.94,1
8,1,31.6069,145.42,473.22,1
8,1,31.6498,145.71,467.63,1
8,1,31.6830,146.68,462.26,1
8,1,31.7153,148.23,457.38,1
8,1,31.7425,150.53,452.44,1
8,1,31.7749,152.75,447.74,1
8,1,31.8073,153.43,444.92,1
8,1,31.8412,152.25,444.26,1
8,1,31.8812,150.32,444.06,1
8,1,31.9183,148.90,442.62,1
8,1,31.9506,148.46,439.44,1
8,1,31.9804,148.89,435.46,1
9,3,32.0135,149.86,431.81,1
9,3,32.0454,150.74,428.31,1
9,3,32.0819,150.76,424.73,1
9,3,32.1100,149.96,421.75,1
9,3,32.1507,149.01,419.18,1
9,3,32.1812,147.94,414.59,1
9,3,32.2141,146.16,404.79,1
9,3,32.2441,143.60,388.64,1
9,3,32.2804,140.72,367.19,1
9,3,32.3148,138.09,341.40,1
9,3,32.3543,135.96,312.09,1
9,3,32.3838,134.10,282.48,1
9,3,32.4127,132.03,258.00,1
9,3,32.4485,129.88,242.46,1
9,3,32.4903,129.49,235.13,1
9,3,32.5149,134.52,232.07,1
9,3,32.5492,148.24,229.60,1
9,3,32.5796,170.11,225.78,1
9,3,32.6211,196.33,222.80,1
9,3,32.6525,223.83,227.72,1
9,3,32.6815,252.46,246.39,1
9,3,32.7209,283.82,277.69,1
9,3,32.7543,318.50,315.24,1
9,3,32.7849,353.25,353.49,1
9,3,32.8175,381.92,391.80,1
9,3,32.8549,401.41,431.56,1
9,3,32.8886,414.85,471.02,1
9,3,32.9192,426.63,506.58,1
9,3,32.9532,438.52,536.39,1
9,3,32.9846,450.85,560.89,1
9,3,33.0266,462.99,580.84,1
9,3,33.0510,473.24,596.94,1
9,3,33.0815,480.48,610.77,1
9,3,33.1242,485.23,623.54,1
9,3,33.1591,488.03,635.16,1
9,3,33.1927,488.67,644.49,1
9,3,33.2169,487.90,650.00,1
9,3,33.2538,487.16,650.00,1
9,3,33.2813,487.46,650.00,1
9,3,33.3270,489.04,650.00,1
9,3,33.3585,491.15,649.85,1
9,3,33.3912,493.16,649.49,1
9,3,33.4260,495.23,649.56,1
9,3,33.4550,496.95,649.81,1
9,3,33.4919,496.82,650.00,1
9,3,33.5251,494.42,650.00,1
9,3,33.5598,491.65,650.00,1
9,3,33.5905,490.39,650.00,1
9,3,33.6189,490.42,650.00,1
9,3,33.6614,490.67,649.98,1
9,3,33.6894,491.11,649.98,1
9,3,33.7288,491.97,649.99,1
9,3,33.7605,492.58,650.00,1
9,3,33.7927,492.40,650.00,1
9,3,33.8268,492.09,650.00,1
9,3,33.8607,492.58,650.00,1
9,3,33.8946,494.45,650.00,1
9,3,33.9280,497.68,650.00,1
9,3,33.9598,501.15,650.00,1
9,3,33.9972,503.62,650.00,1
9,3,34.0273,504.71,650.00,1
9,3,34.0613,504.41,650.00,1
9,3,34.0948,502.92,650.00,1
9,3,34.1333,500.93,650.00,1
9,3,34.1610,499.28,650.00,1
9,3,34.1951,498.53,650.00,1
9,3,34.2340,498.66,650.00,1
9,3,34.2603,499.66,650.00,1
9,3,34.2981,501.50,650.00,1
9,3,34.3313,503.74,650.00,1
9,3,34.3596,505.77,650.00,1
9,3,34.4007,506.99,650.00,1
9,3,34.4354,507.40,650.00,1
9,3,34.4627,509.00,650.00,1
9,3,34.5023,513.93,650.00,1
9,3,34.5322,521.09,650.00,1
9,3,34.5666,527.08,650.00,1
9,3,34.6016,529.74,650.00,1
9,3,34.6373,529.47,650.00,1
9,3,34.6663,527.66,650.00,1
9,3,34.7012,525.35,650.00,1
9,3,34.7384,522.97,650.00,1
9,3,34.7630,519.93,650.00,1
9,3,34.8051,515.82,650.00,1
9,3,34.8356,511.53,650.00,1
9,3,34.8746,507.87,650.00,1
9,3,34.9076,505.43,650.00,1
9,3,34.9384,505.28,650.00,1
9,3,34.9714,507.19,650.00,1
9,3,34.9982,509.25,650.00,1
9,3,35.0383,509.95,650.00,1
9,3,35.0688,509.37,650.00,1
9,3,35.1009,508.75,650.00,1
9,3,35.1390,509.38,650.00,1
9,3,35.1691,511.57,650.00,1
9,3,35.2052,514.29,650.00,1
9,3,35.2372,516.12,650.00,1
9,3,35.2752,516.57,650.00,1
9,3,35.3062,516.94,650.00,1
9,3,35.3432,519.31,650.00,1
9,3,35.3767,523.98,650.00,1
9,3,35.4096,529.00,650.00,1
9,3,35.4346,533.37,650.00,1
9,3,35.4696,538.89,650.00,1
9,3,35.5106,547.57,650.00,1
9,3,35.5375,560.45,650.00,1
9,3,35.5791,577.76,650.00,1
9,3,35.6071,597.39,650.00,1
9,3,35.6388,616.07,650.00,1
9,3,35.6714,632.28,650.00,1
9,3,35.7088,647.07,650.00,1
9,3,35.7438,662.55,650.00,1
9,3,35.7760,679.88,650.00,1
9,3,35.7997,698.05,650.00,1
9,3,35.8430,714.16,650.00,1
9,3,35.8699,725.42,650.00,1
9,3,35.9093,731.68,650.00,1
9,3,35.9416,735.87,650.00,1
9,3,35.9802,741.08,650.00,1
10,2,36.0118,748.52,650.00,1
10,2,36.0483,757.80,650.00,1
10,2,36.0777,767.27,650.00,1
10,2,36.1096,774.65,650.00,1
10,2,36.1372,778.56,650.00,1
10,2,36.1818,779.06,650.00,1
10,2,36.2125,777.19,650.00,1
10,2,36.2479,774.72,650.00,1
10,2,36.2754,773.30,650.00,1
10,2,36.3106,773.52,650.00,1
10,2,36.3465,775.24,650.00,1
10,2,36.3809,778.17,650.00,1
10,2,36.4147,781.31,650.00,1
10,2,36.4521,783.47,650.00,1
10,2,36.4830,784.45,650.00,1
10,2,36.5124,782.95,650.00,1
10,2,36.5457,776.38,650.00,1
10,2,36.5920,765.70,648.99,1
10,2,36.6191,757.05,643.18,1
10,2,36.6471,758.15,631.32,1
10,2,36.6880,772.87,615.49,1
10,2,36.7182,794.38,582.99,1
10,2,36.7555,806.09,507.93,1
10,2,36.7906,794.91,384.80,1
10,2,36.8190,764.67,242.61,1
10,2,36.8521,733.70,120.65,1
10,2,36.8860,717.67,39.49,1
10,2,36.9231,719.39,0.00,1
10,2,36.9538,732.93,0.00,1
10,2,36.9830,751.13,0.00,1
10,2,37.0214,769.36,0.00,1
10,2,37.0518,785.55,2.16,1
10,2,37.0901,798.53,3.71,1
10,2,37.1236,807.21,2.68,1
10,2,37.1527,811.29,0.93,1
10,2,37.1871,812.06,0.00,1
10,2,37.2158,811.94,0.00,1
10,2,37.2634,812.68,0.00,1
10,2,37.2908,814.45,0.00,1
10,2,37.3141,817.17,0.05,1
10,2,37.3636,820.99,0.15,1
10,2,37.3896,825.27,0.12,1
10,2,37.4260,828.98,0.05,1
10,2,37.4571,831.63,0.00,1
10,2,37.4837,833.21,0.00,1
10,2,37.5255,834.15,0.00,1
10,2,37.5614,835.31,0.00,1
10,2,37.5877,837.37,0.00,1
10,2,37.6268,840.22,0.01,1
10,2,37.6610,843.06,0.01,1
10,2,37.6882,845.46,0.00,1
10,2,37.7186,847.78,0.00,1
10,2,37.7601,850.63,0.00,1
10,2,37.7910,854.12,0.00,1
10,2,37.8184,857.80,0.00,1
10,2,37.8564,861.15,0.00,1
10,2,37.8898,863.85,0.00,1
10,2,37.9295,865.80,0.00,1
10,2,37.9609,867.10,0.00,1
10,2,37.9835,867.89,0.00,1
10,2,38.0294,868.61,0.00,1
10,2,38.0597,869.80,0.00,1
10,2,38.0942,871.51,0.00,1
10,2,38.1281,873.29,0.00,1
10,2,38.1629,874.88,0.00,1
10,2,38.1964,876.42,0.00,1
10,2,38.2320,878.08,0.00,1
10,2,38.2700,879.89,0.00,1
10,2,38.3036,881.63,0.00,1
10,2,38.3295,882.98,0.00,1
10,2,38.3690,883.83,0.00,1
10,2,38.4012,884.40,0.00,1
10,2,38.4324,884.96,0.00,1
10,2,38.4630,885.69,0.00,1
10,2,38.4946,886.64,0.00,1
10,2,38.5329,887.71,0.00,1
10,2,38.5623,888.64,0.00,1
10,2,38.6015,889.19,0.00,1
10,2,38.6281,889.31,0.00,1
10,2,38.6651,889.10,0.00,1
10,2,38.6988,888.62,0.00,1
10,2,38.7302,887.69,0.00,1
10,2,38.7719,886.10,0.00,1
10,2,38.7962,883.98,0.00,1
10,2,38.8270,881.80,0.00,1
10,2,38.8693,880.02,0.00,1
10,2,38.8999,878.79,0.00,1
10,2,38.9347,877.98,0.00,1
10,2,38.9664,877.36,0.00,1
10,2,38.9987,876.83,0.00,1
10,2,39.0380,876.38,0.00,1
10,2,39.0665,876.08,0.00,1
10,2,39.1040,875.89,0.00,1
10,2,39.1369,875.70,0.00,1
10,2,39.1645,875.46,0.00,1
10,2,39.2074,875.11,0.00,1
10,2,39.2312,874.49,0.00,1
10,2,39.2746,873.56,0.00,1
10,2,39.3003,872.52,0.00,1
10,2,39.3340,871.67,0.00,1
10,2,39.3686,871.14,0.00,1
10,2,39.4027,870.89,0.00,1
10,2,39.4402,870.87,0.00,1
10,2,39.4756,870.97,0.00,1
10,2,39.5112,871.06,0.00,1
10,2,39.5454,871.07,0.00,1
10,2,39.5746,870.97,0.00,1
10,2,39.6070,870.77,0.00,1
10,2,39.6396,870.51,0.00,1
10,2,39.6724,870.30,0.00,1
10,2,39.7077,870.23,0.00,1
10,2,39.7397,870.24,0.00,1
10,2,39.7721,870.21,0.00,1
10,2,39.8084,870.04,0.00,1
10,2,39.8397,869.69,0.00,1
10,2,39.8777,869.13,0.00,1
10,2,39.9133,868.28,0.00,1
10,2,39.9489,867.17,0.00,1
10,2,39.9738,865.88,0.00,1
11,1,40.0078,864.66,0.00,1
11,1,40.0466,863.78,0.00,1
11,1,40.0796,863.35,0.00,1
11,1,40.1132,863.28,0.00,1
11,1,40.1413,863.38,0.00,1
11,1,40.1794,863.41,0.00,1
11,1,40.2091,863.25,0.00,1
11,1,40.2400,862.92,0.00,1
11,1,40.2821,862.58,0.00,1
11,1,40.3115,862.35,0.00,1
11,1,40.3437,862.27,0.00,1
11,1,40.3790,862.31,0.00,1
11,1,40.4107,862.40,0.00,1
11,1,40.4526,862.45,0.00,1
11,1,40.4832,862.30,0.00,1
11,1,40.5141,861.83,0.00,1
11,1,40.5532,860.99,0.00,1
11,1,40.5817,859.92,0.00,1
11,1,40.6221,858.75,0.00,1
11,1,40.6507,857.56,0.00,1
11,1,40.6853,856.36,0.00,1
11,1,40.7185,855.17,0.00,1
11,1,40.7495,853.90,0.00,1
11,1,40.7828,852.32,0.00,1
11,1,40.8182,850.05,0.00,1
11,1,40.8396,846.92,0.00,1
11,1,40.8859,842.97,0.00,1
11,1,40.9067,838.14,0.00,1
11,1,40.9542,832.02,0.00,1
11,1,40.9842,824.25,0.00,1
11,1,41.0185,814.78,0.00,1
11,1,41.0532,803.77,0.00,1
11,1,41.0834,791.26,0.00,1
11,1,41.1245,777.32,0.00,1
11,1,41.1544,762.20,0.00,1
11,1,41.1814,746.37,0.00,1
11,1,41.2214,730.41,0.00,1
11,1,41.2553,714.97,0.00,1
11,1,41.2885,700.88,0.00,1
11,1,41.3209,688.99,0.00,1
11,1,41.3521,679.95,0.00,1
11,1,41.3878,673.60,0.00,1
11,1,41.4201,668.95,0.00,1
11,1,41.4611,664.56,0.00,1
11,1,41.4941,658.72,0.00,1
11,1,41.5204,649.77,0.00,1
11,1,41.5533,636.63,0.00,1
11,1,41.5880,619.16,0.00,1
11,1,41.6250,598.07,0.00,1
11,1,41.6525,574.61,0.00,1
11,1,41.6880,550.24,0.00,1
11,1,41.7260,527.08,0.00,1
11,1,41.7527,507.19,0.00,1
11,1,41.7908,491.38,0.00,1
11,1,41.8239,479.14,0.00,1
11,1,41.8565,469.03,0.00,1
11,1,41.8984,459.04,0.00,1
11,1,41.9269,447.58,0.00,1
11,1,41.9603,434.13,0.00,1
11,1,42.0008,418.97,0.00,1
11,1,42.0316,402.67,0.00,1
11,1,42.0571,386.14,0.00,1
11,1,42.0945,370.07,0.00,1
11,1,42.1295,354.12,0.00,1
11,1,42.1612,337.50,0.00,1
11,1,42.1907,320.14,0.00,1
11,1,42.2365,303.25,0.00,1
11,1,42.2680,288.37,0.00,1
11,1,42.3005,276.52,0.00,1
11,1,42.3331,267.94,0.00,1
11,1,42.3566,261.62,0.00,1
11,1,42.3980,255.77,0.00,1
11,1,42.4276,248.87,0.00,1
11,1,42.4659,240.60,0.00,1
11,1,42.4941,231.65,0.00,1
11,1,42.5277,222.61,0.08,1
11,1,42.5614,214.12,0.97,1
11,1,42.5933,207.43,3.88,1
11,1,42.6297,203.90,8.60,1
11,1,42.6651,203.58,13.15,1
11,1,42.6986,204.67,15.79,1
11,1,42.7304,204.21,15.64,1
11,1,42.7660,199.42,12.68,1
11,1,42.8017,190.53,8.15,1
11,1,42.8264,181.69,4.53,1
11,1,42.8606,177.08,4.28,1
11,1,42.9024,176.73,8.12,1
11,1,42.9328,177.36,15.14,1
11,1,42.9677,176.17,23.32,1
11,1,42.9987,173.12,30.74,1
11,1,43.0296,169.75,37.78,1
11,1,43.0708,167.21,45.08,1
11,1,43.1057,165.14,51.84,1
11,1,43.1354,162.38,58.24,1
11,1,43.1732,158.80,66.02,1
11,1,43.2065,154.91,76.67,1
11,1,43.2359,150.57,90.08,1
11,1,43.2689,144.91,104.36,1
11,1,43.3061,137.90,117.21,1
11,1,43.3311,131.19,126.79,1
11,1,43.3684,126.19,132.56,1
11,1,43.3965,123.02,136.41,1
11,1,43.4399,121.60,141.40,1
11,1,43.4714,121.93,149.04,1
11,1,43.5042,123.50,158.08,1
11,1,43.5360,125.52,166.45,1
11,1,43.5772,127.50,173.33,1
11,1,43.6073,129.07,178.74,1
11,1,43.6357,128.99,183.06,1
11,1,43.6740,125.94,186.82,1
11,1,43.7060,120.40,190.38,1
11,1,43.7369,113.66,194.27,1
11,1,43.7736,106.59,198.89,1
11,1,43.8087,100.14,204.08,1
11,1,43.8390,95.26,209.09,1
11,1,43.8661,92.55,213.35,1
11,1,43.9097,92.01,216.47,1
11,1,43.9433,92.70,217.82,1
11,1,43.9790,93.46,217.56,1
12,3,44.0099,93.89,216.88,1
12,3,44.0447,94.14,216.47,1
12,3,44.0739,94.39,216.10,1
12,3,44.1039,94.76,215.35,1
12,3,44.1458,95.41,214.26,1
12,3,44.1734,96.41,213.01,1
12,3,44.2091,97.58,211.92,1
12,3,44.2508,98.70,211.56,1
12,3,44.2788,99.64,212.15,1
12,3,44.3098,100.43,213.23,1
12,3,44.3450,101.12,213.92,1
12,3,44.3747,101.50,213.44,1
12,3,44.4126,101.51,211.88,1
12,3,44.4432,102.20,209.80,1
12,3,44.4805,105.64,207.65,1
12,3,44.5119,113.72,207.81,1
12,3,44.5394,126.73,215.26,1
12,3,44.5836,142.43,232.28,1
12,3,44.6109,157.75,255.71,1
12,3,44.6473,171.34,280.98,1
12,3,44.6783,184.06,307.58,1
12,3,44.7109,198.62,341.40,1
12,3,44.7450,218.81,391.01,1
12,3,44.7815,246.80,459.06,1
12,3,44.8117,280.25,536.52,1
12,3,44.8485,313.75,605.38,1
12,3,44.8785,342.03,649.94,1
12,3,44.9141,362.17,650.00,1
12,3,44.9486,374.75,650.00,1
12,3,44.9855,383.15,650.00,1
12,3,45.0159,396.20,649.33,1
12,3,45.0431,427.69,646.18,1
12,3,45.0854,480.39,646.55,1
12,3,45.1085,538.28,648.37,1
12,3,45.1566,583.35,649.99,1
12,3,45.1860,610.20,650.00,1
12,3,45.2193,624.17,650.00,1
12,3,45.2520,632.76,650.00,1
12,3,45.2814,641.58,650.00,1
12,3,45.3192,655.59,649.86,1
12,3,45.3509,676.32,649.85,1
12,3,45.3841,699.68,649.92,1
12,3,45.4208,721.70,649.99,1
12,3,45.4476,742.57,650.00,1
12,3,45.4911,761.68,650.00,1
12,3,45.5218,775.79,650.00,1
12,3,45.5519,786.26,650.00,1
12,3,45.5945,797.66,650.00,1
12,3,45.6242,810.41,649.99,1
12,3,45.6630,821.45,650.00,1
12,3,45.6969,826.13,650.00,1
12,3,45.7301,824.16,650.00,1
12,3,45.7608,822.84,650.00,1
12,3,45.7846,825.88,650.00,1
12,3,45.8271,829.59,650.00,1
12,3,45.8578,832.57,650.00,1
12,3,45.8910,836.72,650.00,1
12,3,45.9200,841.25,650.00,1
12,3,45.9583,843.98,650.00,1
12,3,45.9970,843.77,650.00,1
12,3,46.0288,841.09,650.00,1
12,3,46.0639,838.65,650.00,1
12,3,46.0949,837.73,650.00,1
12,3,46.1294,838.33,650.00,1
12,3,46.1604,841.11,650.00,1
12,3,46.1856,843.66,650.00,1
12,3,46.2257,842.67,650.00,1
12,3,46.2622,839.00,650.00,1
12,3,46.2963,833.66,650.00,1
12,3,46.3310,823.25,650.00,1
12,3,46.3628,808.05,650.00,1
12,3,46.3948,794.51,650.00,1
12,3,46.4273,786.16,650.00,1
12,3,46.4615,784.22,650.00,1
12,3,46.4958,791.25,650.00,1
12,3,46.5235,805.68,650.00,1
12,3,46.5580,819.91,650.00,1
12,3,46.5979,829.64,650.00,1
12,3,46.6222,835.48,650.00,1
12,3,46.6658,837.35,650.00,1
12,3,46.6969,836.10,650.00,1
12,3,46.7239,832.35,650.00,1
12,3,46.7660,829.52,650.00,1
12,3,46.7997,834.26,650.00,1
12,3,46.8317,844.56,650.00,1
12,3,46.8565,852.18,650.00,1
12,3,46.8941,854.37,650.00,1
12,3,46.9262,853.14,650.00,1
12,3,46.9655,851.50,650.00,1
12,3,47.0042,851.99,650.00,1
12,3,47.0338,854.14,650.00,1
12,3,47.0616,855.06,650.00,1
12,3,47.0986,853.70,650.00,1
12,3,47.1245,851.71,650.00,1
12,3,47.1690,850.18,650.00,1
12,3,47.1996,849.80,650.00,1
12,3,47.2332,851.26,650.00,1
12,3,47.2643,853.21,650.00,1
12,3,47.2967,853.37,650.00,1
12,3,47.3412,850.61,650.00,1
12,3,47.3730,844.48,650.00,1
12,3,47.3965,836.29,650.00,1
12,3,47.4304,830.55,650.00,1
12,3,47.4678,831.16,650.00,1
12,3,47.5014,835.64,650.00,1
12,3,47.5359,837.91,650.00,1
12,3,47.5637,837.48,650.00,1
12,3,47.6020,836.30,650.00,1
12,3,47.6356,833.99,650.00,1
12,3,47.6727,830.11,650.00,1
12,3,47.7030,824.10,650.00,1
12,3,47.7348,820.41,650.00,1
12,3,47.7673,824.25,650.00,1
12,3,47.8019,831.53,650.00,1
12,3,47.8457,835.64,650.00,1
12,3,47.8768,832.65,650.00,1
12,3,47.9070,824.75,650.00,1
12,3,47.9400,821.74,650.00,1
12,3,47.9695,828.00,650.00,1
13,1,48.0123,838.68,650.00,1
13,1,48.0392,848.93,650.00,1
13,1,48.0660,855.42,650.00,1
13,1,48.1082,858.44,650.00,1
13,1,48.1349,862.98,650.00,1
13,1,48.1823,868.71,650.00,1
13,1,48.2144,868.84,650.00,1
13,1,48.2496,861.11,650.00,1
13,1,48.2735,851.85,650.00,1
13,1,48.3109,847.59,650.00,1
13,1,48.3445,846.59,650.00,1
13,1,48.3727,843.52,650.00,1
13,1,48.4068,838.85,650.00,1
13,1,48.4421,837.19,650.00,1
13,1,48.4779,838.50,650.00,1
13,1,48.5130,833.51,650.00,1
13,1,48.5466,806.51,650.00,1
13,1,48.5749,747.41,650.00,1
13,1,48.6147,662.91,650.00,1
13,1,48.6357,574.57,650.00,1
13,1,48.6817,501.77,650.00,1
13,1,48.7124,445.54,650.00,1
13,1,48.7446,394.85,650.00,1
13,1,48.7827,344.02,650.00,1
13,1,48.8216,298.09,650.00,1
13,1,48.8548,264.83,650.00,1
13,1,48.8826,245.87,650.00,1
13,1,48.9123,235.90,650.00,1
13,1,48.9480,228.68,650.00,1
13,1,48.9799,220.96,650.00,1
13,1,49.0143,211.93,650.00,1
13,1,49.0447,201.81,650.00,1
13,1,49.0766,191.32,650.00,1
13,1,49.1181,180.94,650.00,1
13,1,49.1468,169.89,649.42,1
13,1,49.1889,157.35,645.99,1
13,1,49.2238,144.44,636.64,1
13,1,49.2535,133.54,620.61,1
13,1,49.2861,125.72,600.91,1
13,1,49.3184,119.86,581.96,1
13,1,49.3485,114.40,565.42,1
13,1,49.3867,108.96,550.24,1
13,1,49.4165,104.19,534.97,1
13,1,49.4483,100.32,516.71,1
13,1,49.4786,96.74,492.94,1
13,1,49.5231,92.89,465.64,1
13,1,49.5562,89.00,439.80,1
13,1,49.5872,85.29,419.86,1
13,1,49.6201,81.63,407.55,1
13,1,49.6526,78.36,401.13,1
13,1,49.6856,76.57,397.13,1
13,1,49.7175,76.62,392.13,1
13,1,49.7494,77.21,383.08,1
13,1,49.7892,76.82,368.56,1
13,1,49.8227,75.61,350.03,1
13,1,49.8562,74.42,330.13,1
13,1,49.8881,73.12,310.93,1
13,1,49.9218,71.14,294.18,1
13,1,49.9486,68.27,280.38,1
13,1,49.9841,64.77,268.04,1
13,1,50.0262,61.22,255.74,1
13,1,50.0594,58.36,244.02,1
13,1,50.0914,56.70,234.49,1
13,1,50.1247,56.13,228.12,1
13,1,50.1568,56.04,224.78,1
13,1,50.1923,55.47,223.61,1
13,1,50.2198,54.29,223.71,1
13,1,50.2561,53.54,224.28,1
13,1,50.2951,53.83,224.48,1
13,1,50.3279,54.53,223.50,1
13,1,50.3637,54.87,220.83,1
13,1,50.3966,54.98,216.57,1
13,1,50.4207,55.34,211.71,1
13,1,50.4602,56.26,207.55,1
13,1,50.4960,57.53,204.78,1
13,1,50.5255,58.61,203.36,1
13,1,50.5588,59.23,202.94,1
13,1,50.5922,59.65,203.35,1
13,1,50.6259,60.12,204.57,1
13,1,50.6561,60.40,206.08,1
13,1,50.7033,60.33,207.24,1
13,1,50.7357,59.92,208.04,1
13,1,50.7682,59.34,209.11,1
13,1,50.8009,58.79,211.16,1
13,1,50.8286,58.26,213.99,1
13,1,50.8661,57.97,216.97,1
13,1,50.8926,58.24,219.55,1
13,1,50.9272,58.76,221.21,1
13,1,50.9666,59.14,221.86,1
13,1,50.9938,59.41,222.13,1
13,1,51.0312,59.68,222.69,1
13,1,51.0653,60.08,223.58,1
13,1,51.0975,60.59,224.33,1
13,1,51.1336,60.97,224.56,1
13,1,51.1689,61.11,224.42,1
13,1,51.2016,61.14,224.50,1
13,1,51.2307,61.22,225.18,1
13,1,51.2589,61.41,226.23,1
13,1,51.2996,61.74,227.34,1
13,1,51.3358,62.14,228.74,1
13,1,51.3677,62.41,230.66,1
13,1,51.3966,62.53,232.69,1
13,1,51.4339,62.79,234.26,1
13,1,51.4701,63.43,235.06,1
13,1,51.4981,64.35,235.20,1
13,1,51.5326,65.42,235.08,1
13,1,51.5640,66.50,235.01,1
13,1,51.6005,67.39,235.28,1
13,1,51.6370,67.93,235.84,1
13,1,51.6652,68.13,236.38,1
13,1,51.7071,68.24,236.82,1
13,1,51.7382,68.36,237.03,1
13,1,51.7755,68.41,236.97,1
13,1,51.8091,68.58,237.08,1
13,1,51.8288,69.04,237.68,1
13,1,51.8736,69.72,239.07,1
13,1,51.9032,70.31,241.05,1
13,1,51.9304,70.56,242.74,1
13,1,51.9729,70.52,243.48,1
13,1,51.9956,70.40,243.11,1
14,3,52.0424,70.39,242.10,1
14,3,52.0723,70.56,241.37,1
14,3,52.1044,70.87,241.67,1
14,3,52.1408,71.35,243.00,1
14,3,52.1722,71.86,244.88,1
14,3,52.2081,72.03,246.81,1
14,3,52.2373,71.67,248.30,1
14,3,52.2707,71.20,248.73,1
14,3,52.3136,71.10,247.83,1
14,3,52.3419,71.27,246.53,1
14,3,52.3761,71.40,246.35,1
14,3,52.4102,71.49,247.54,1
14,3,52.4411,71.95,249.21,1
14,3,52.4769,73.72,250.89,1
14,3,52.5061,78.08,252.18,1
14,3,52.5477,86.43,252.72,1
14,3,52.5793,100.77,253.21,1
14,3,52.6103,122.42,255.58,1
14,3,52.6462,151.33,264.24,1
14,3,52.6759,187.49,286.12,1
14,3,52.7134,229.35,325.31,1
14,3,52.7439,272.25,378.96,1
14,3,52.7770,310.91,439.52,1
14,3,52.8099,342.89,500.24,1
14,3,52.8412,370.82,557.09,1
14,3,52.8820,400.75,605.51,1
14,3,52.9127,436.56,639.56,1
14,3,52.9415,477.95,650.00,1
14,3,52.9762,523.33,650.00,1
14,3,53.0098,571.29,650.00,1
14,3,53.0512,621.61,650.00,1
14,3,53.0827,673.21,648.31,1
14,3,53.1097,720.63,647.80,1
14,3,53.1501,758.83,648.61,1
14,3,53.1791,789.23,649.65,1
14,3,53.2188,815.89,650.00,1
14,3,53.2443,839.29,650.00,1
14,3,53.2857,858.34,650.00,1
14,3,53.3216,873.96,650.00,1
14,3,53.3544,886.61,649.95,1
14,3,53.3880,894.63,649.91,1
14,3,53.4212,897.40,649.94,1
14,3,53.4478,897.42,649.98,1
14,3,53.4811,899.16,650.00,1
14,3,53.5217,905.87,650.00,1
14,3,53.5545,916.77,650.00,1
14,3,53.5847,928.79,650.00,1
14,3,53.6169,940.05,650.00,1
14,3,53.6539,950.53,650.00,1
14,3,53.6849,960.96,650.00,1
14,3,53.7210,971.36,650.00,1
14,3,53.7446,980.69,650.00,1
14,3,53.7841,987.63,650.00,1
14,3,53.8228,991.28,650.00,1
14,3,53.8501,991.68,650.00,1
14,3,53.8892,989.78,650.00,1
14,3,53.9179,986.83,650.00,1
14,3,53.9481,983.93,650.00,1
14,3,53.9880,981.62,650.00,1
14,3,54.0157,979.99,650.00,1
14,3,54.0630,979.18,650.00,1
14,3,54.0975,979.44,650.00,1
14,3,54.1272,981.01,650.00,1
14,3,54.1517,983.35,650.00,1
14,3,54.1887,985.30,650.00,1
14,3,54.2256,986.05,650.00,1
14,3,54.2567,985.35,650.00,1
14,3,54.2875,983.60,650.00,1
14,3,54.3274,981.90,650.00,1
14,3,54.3540,980.75,650.00,1
14,3,54.3915,979.73,650.00,1
14,3,54.4190,978.67,650.00,1
14,3,54.4574,978.24,650.00,1
14,3,54.4901,978.62,650.00,1
14,3,54.5206,978.49,650.00,1
14,3,54.5605,977.04,650.00,1
14,3,54.5923,975.59,650.00,1
14,3,54.6175,975.75,650.00,1
14,3,54.6683,977.00,650.00,1
14,3,54.7013,977.52,650.00,1
14,3,54.7346,977.27,650.00,1
14,3,54.7655,977.78,650.00,1
14,3,54.7975,979.00,650.00,1
14,3,54.8299,979.60,650.00,1
14,3,54.8612,979.43,650.00,1
14,3,54.8979,979.08,650.00,1
14,3,54.9284,978.96,650.00,1
14,3,54.9599,979.48,650.00,1
14,3,54.9983,980.39,650.00,1
14,3,55.0271,980.69,650.00,1
14,3,55.0642,980.04,650.00,1
14,3,55.0954,978.97,650.00,1
14,3,55.1278,977.93,650.00,1
14,3,55.1668,977.43,650.00,1
14,3,55.1979,977.80,650.00,1
14,3,55.2310,978.46,650.00,1
14,3,55.2619,978.69,650.00,1
14,3,55.2962,978.31,650.00,1
14,3,55.3308,977.30,650.00,1
14,3,55.3631,975.78,650.00,1
14,3,55.3987,974.11,650.00,1
14,3,55.4300,972.52,650.00,1
14,3,55.4617,971.20,650.00,1
14,3,55.5071,970.62,650.00,1
14,3,55.5417,970.99,650.00,1
14,3,55.5764,971.29,650.00,1
14,3,55.6143,970.74,650.00,1
14,3,55.6445,969.98,650.00,1
14,3,55.6690,969.70,650.00,1
14,3,55.7057,970.22,650.00,1
14,3,55.7343,971.53,650.00,1
14,3,55.7681,972.90,650.00,1
14,3,55.7995,973.46,650.00,1
14,3,55.8338,972.78,650.00,1
14,3,55.8679,971.15,650.00,1
14,3,55.9046,969.40,650.00,1
14,3,55.9353,968.14,650.00,1
14,3,55.9684,967.63,650.00,1
15,2,56.0021,968.22,650.00,1
15,2,56.0355,969.37,650.00,1
15,2,56.0681,969.76,650.00,1
15,2,56.1006,969.32,650.00,1
15,2,56.1365,969.04,650.00,1
15,2,56.1715,969.29,650.00,1
15,2,56.2030,969.87,650.00,1
15,2,56.2387,970.43,650.00,1
15,2,56.2708,970.65,650.00,1
15,2,56.3017,970.80,650.00,1
15,2,56.3395,971.12,650.00,1
15,2,56.3707,970.30,650.00,1
15,2,56.4082,968.02,650.00,1
15,2,56.4347,968.71,650.00,1
15,2,56.4733,977.71,650.00,1
15,2,56.5096,995.84,650.00,1
15,2,56.5414,1020.45,650.00,1
15,2,56.5732,1047.60,650.00,1
15,2,56.6132,1073.19,650.00,1
15,2,56.6336,1095.36,650.00,1
15,2,56.6784,1114.93,650.00,1
15,2,56.7025,1132.79,650.00,1
15,2,56.7467,1148.55,650.00,1
15,2,56.7805,1160.91,650.00,1
15,2,56.8094,1169.27,648.22,1
15,2,56.8468,1176.06,637.46,1
15,2,56.8788,1183.69,607.05,1
15,2,56.9109,1190.99,552.12,1
15,2,56.9463,1195.97,479.36,1
15,2,56.9840,1198.03,402.06,1
15,2,57.0216,1196.92,330.45,1
15,2,57.0538,1192.05,267.70,1
15,2,57.0840,1183.12,213.16,1
15,2,57.1052,1170.84,165.30,1
15,2,57.1460,1156.82,122.82,1
15,2,57.1801,1143.01,85.42,1
15,2,57.2109,1131.01,54.01,1
15,2,57.2462,1121.65,29.79,1
15,2,57.2817,1115.20,13.54,1
15,2,57.3168,1111.47,5.23,1
15,2,57.3503,1109.98,3.85,1
15,2,57.3783,1109.89,7.34,1
15,2,57.4195,1110.17,13.04,1
15,2,57.4523,1109.79,18.34,1
15,2,57.4830,1108.27,21.69,1
15,2,57.5186,1105.99,22.92,1
15,2,57.5439,1103.55,22.76,1
15,2,57.5842,1101.25,21.99,1
15,2,57.6092,1099.14,21.18,1
15,2,57.6446,1097.47,20.78,1
15,2,57.6918,1096.38,21.05,1
15,2,57.7164,1095.65,22.09,1
15,2,57.7542,1094.86,24.10,1
15,2,57.7821,1093.81,27.35,1
15,2,57.8165,1092.68,31.66,1
15,2,57.8530,1091.68,36.21,1
15,2,57.8745,1090.80,40.11,1
15,2,57.9188,1090.03,42.96,1
15,2,57.9501,1089.53,44.79,1
15,2,57.9801,1089.35,45.82,1
15,2,58.0237,1089.39,46.45,1
15,2,58.0569,1089.42,47.06,1
15,2,58.0943,1089.15,47.58,1
15,2,58.1201,1088.29,47.54,1
15,2,58.1500,1086.77,46.92,1
15,2,58.1929,1085.04,46.38,1
15,2,58.2249,1083.86,46.67,1
15,2,58.2538,1083.66,48.04,1
15,2,58.2890,1084.32,50.18,1
15,2,58.3157,1085.47,52.56,1
15,2,58.3573,1086.78,54.72,1
15,2,58.3897,1088.00,56.48,1
15,2,58.4206,1088.98,57.85,1
15,2,58.4523,1089.65,58.98,1
15,2,58.4847,1090.07,60.21,1
15,2,58.5266,1090.45,61.80,1
15,2,58.5530,1090.86,63.60,1
15,2,58.5949,1091.27,65.18,1
15,2,58.6254,1091.61,66.00,1
15,2,58.6583,1091.65,65.39,1
15,2,58.6934,1091.20,63.31,1
15,2,58.7264,1090.47,60.78,1
15,2,58.7598,1090.01,59.02,1
15,2,58.7916,1090.18,58.44,1
15,2,58.8251,1090.71,58.56,1
15,2,58.8616,1091.14,58.79,1
15,2,58.8942,1091.32,59.00,1
15,2,58.9275,1091.39,59.33,1
15,2,58.9601,1091.45,59.81,1
15,2,58.9952,1091.35,60.16,1
15,2,59.0273,1090.86,59.83,1
15,2,59.0591,1090.01,58.69,1
15,2,59.0934,1089.06,57.04,1
15,2,59.1234,1088.03,55.16,1
15,2,59.1629,1086.81,53.27,1
15,2,59.1914,1085.58,51.72,1
15,2,59.2290,1084.77,50.78,1
15,2,59.2644,1084.50,50.32,1
15,2,59.2936,1084.40,49.86,1
15,2,59.3239,1083.87,49.03,1
15,2,59.3699,1082.62,48.23,1
15,2,59.4012,1080.85,48.14,1
15,2,59.4351,1078.86,48.68,1
15,2,59.4730,1076.94,49.05,1
15,2,59.5064,1075.28,48.61,1
15,2,59.5392,1073.93,47.44,1
15,2,59.5729,1073.22,46.56,1
15,2,59.5985,1073.55,46.95,1
15,2,59.6355,1074.63,48.38,1
15,2,59.6699,1075.78,49.86,1
15,2,59.7058,1076.44,50.57,1
15,2,59.7356,1076.49,50.27,1
15,2,59.7740,1076.10,49.29,1
15,2,59.8018,1075.56,48.33,1
15,2,59.8370,1075.07,48.07,1
15,2,59.8683,1074.63,48.56,1
15,2,59.9040,1074.20,49.30,1
15,2,59.9313,1073.92,49.88,1
15,2,59.9699,1073.95,50.23,1
